sensor_0,sensor_1,sensor_2
"119
","123
","118
"
"120
","137
","120
"
"120
","126
","120
"
"121
","125
","120
"
"120
","125
","118
"
"121
","122
","118
"
"120
","124
","117
"
"122
","128
","118
"
"119
","125
","121
"
"121
","124
","116
"
"118
","140
","120
"
"123
","122
","120
"
"104
","128
","117
"
"121
","125
","121
"
"120
","125
","118
"
"118
","125
","121
"
"121
","126
","119
"
"118
","125
","119
"
"121
","125
","120
"
"122
","126
","118
"
"120
","133
","118
"
"119
","126
","117
"
"123
","126
","124
"
"124
","125
","117
"
"116
","125
","120
"
"121
","125
","118
"
"122
","128
","117
"
"121
","126
","121
"
"122
","124
","120
"
"121
","128
","115
"
"118
","118
","120
"
"120
","126
","120
"
"124
","125
","118
"
"120
","125
","118
"
"121
","126
","117
"
"122
","125
","118
"
"120
","124
","117
"
"121
","124
","120
"
"121
","134
","121
"
"121
","126
","115
"
"121
","125
","118
"
"121
","129
","120
"
"121
","129
","120
"
"119
","125
","121
"
"120
","128
","120
"
"121
","125
","117
"
"121
","128
","119
"
"121
","112
","120
"
"121
","128
","121
"
"121
","129
","121
"
"121
","131
","118
"
"120
","131
","126
"
"121
","129
","121
"
"122
","126
","119
"
"120
","128
","121
"
"121
","125
","120
"
"121
","128
","118
"
"121
","129
","118
"
"120
","129
","120
"
"119
","128
","60
"
"125
","128
","119
"
"120
","129
","120
"
"124
","129
","124
"
"121
","128
","118
"
"121
","128
","119
"
"121
","129
","118
"
"121
","128
","117
"
"120
","129
","119
"
"120
","128
","120
"
"123
","129
","120
"
"121
","129
","111
"
"121
","124
","118
"
"121
","129
","122
"
"120
","126
","120
"
"121
","129
","120
"
"121
","129
","118
"
"124
","129
","119
"
"120
","129
","117
"
"119
","129
","120
"
"121
","128
","120
"
"121
","129
","116
"
"121
","129
","120
"
"124
","129
","122
"
"121
","129
","118
"
"120
","130
","120
"
"121
","130
","121
"
"120
","130
","120
"
"120
","128
","119
"
"120
","131
","118
"
"122
","128
","118
"
"118
","129
","120
"
"120
","129
","120
"
"120
","130
","120
"
"120
","130
","120
"
"121
","129
","120
"
"120
","129
","121
"
"122
","130
","120
"
"119
","129
","118
"
"120
","129
","117
"
"121
","130
","119
"
"121
","129
","118
"
"121
","129
","119
"
"118
","129
","117
"
"120
","128
","118
"
"121
","126
","121
"
"121
","130
","118
"
"120
","129
","119
"
"120
","130
","108
"
"121
","130
","118
"
"121
","130
","120
"
"120
","132
","122
"
"121
","129
","120
"
"124
","129
","118
"
"120
","129
","118
"
"121
","132
","119
"
"120
","129
","118
"
"121
","129
","118
"
"117
","129
","119
"
"124
","129
","118
"
"122
","130
","118
"
"123
","129
","118
"
"121
","128
","118
"
"118
","130
","120
"
"121
","146
","120
"
"120
","122
","122
"
"120
","133
","117
"
"121
","128
","117
"
"120
","129
","120
"
"120
","129
","118
"
"120
","129
","120
"
"121
","129
","118
"
"121
","129
","118
"
"118
","134
","117
"
"121
","128
","118
"
"120
","128
","120
"
"121
","129
","124
"
"120
","130
","118
"
"120
","131
","120
"
"119
","129
","118
"
"117
","128
","120
"
"121
","129
","117
"
"120
","130
","118
"
"122
","129
","116
"
"118
","130
","118
"
"120
","130
","120
"
"126
","129
","120
"
"123
","129
","105
"
"123
","126
","118
"
"121
","129
","120
"
"122
","130
","120
"
"121
","129
","120
"
"120
","129
","120
"
"117
","129
","118
"
"120
","129
","119
"
"131
","130
","119
"
"121
","133
","121
"
"120
","130
","119
"
"121
","130
","120
"
"121
","130
","120
"
"117
","129
","117
"
"121
","129
","120
"
"120
","130
","119
"
"120
","134
","120
"
"119
","132
","120
"
"121
","130
","125
"
"119
","131
","120
"
"126
","129
","120
"
"118
","132
","121
"
"121
","131
","124
"
"121
","128
","120
"
"120
","129
","121
"
"121
","132
","120
"
"120
","131
","117
"
"120
","129
","122
"
"118
","129
","123
"
"121
","126
","120
"
"121
","131
","117
"
"121
","125
","118
"
"121
","129
","118
"
"120
","130
","120
"
"120
","128
","118
"
"121
","129
","117
"
"121
","129
","120
"
"121
","129
","130
"
"120
","128
","118
"
"126
","129
","118
"
"120
","129
","120
"
"120
","130
","121
"
"121
","131
","120
"
"120
","124
","117
"
"116
","129
","123
"
"122
","126
","120
"
"122
","132
","121
"
"131
","129
","118
"
"120
","129
","118
"
"123
","132
","120
"
"121
","131
","118
"
"122
","129
","119
"
"120
","130
","118
"
"118
","131
","121
"
"120
","129
","120
"
"121
","129
","120
"
"117
","129
","121
"
"122
","129
","117
"
"120
","129
","118
"
"121
","129
","121
"
"121
","129
","121
"
"128
","129
","119
"
"120
","132
","122
"
"120
","122
","120
"
"124
","130
","119
"
"118
","128
","120
"
"120
","129
","120
"
"121
","130
","119
"
"119
","130
","118
"
"120
","129
","119
"
"121
","129
","117
"
"121
","128
","123
"
"121
","125
","120
"
"120
","123
","121
"
"122
","129
","120
"
"121
","130
","118
"
"121
","129
","118
"
"123
","130
","120
"
"121
","130
","120
"
"121
","127
","120
"
"122
","114
","120
"
"120
","130
","119
"
"121
","130
","117
"
"121
","129
","120
"
"78
","129
","120
"
"120
","129
","133
"
"120
","129
","119
"
"121
","129
","120
"
"121
","130
","118
"
"121
","130
","117
"
"121
","129
","120
"
"120
","129
","120
"
"121
","129
","120
"
"124
","131
","118
"
"120
","129
","122
"
"120
","130
","118
"
"120
","126
","119
"
"120
","130
","120
"
"121
","131
","118
"
"120
","130
","120
"
"120
","130
","120
"
"115
","130
","120
"
"121
","128
","119
"
"118
","129
","116
"
"120
","129
","118
"
"121
","130
","120
"
"117
","129
","118
"
"120
","130
","118
"
"120
","141
","121
"
"115
","138
","117
"
"123
","136
","120
"
"118
","137
","118
"
"119
","137
","120
"
"122
","139
","120
"
"120
","135
","119
"
"120
","139
","120
"
"120
","138
","118
"
"120
","138
","112
"
"121
","138
","118
"
"117
","138
","120
"
"120
","138
","121
"
"121
","138
","122
"
"120
","139
","121
"
"125
","140
","119
"
"120
","137
","120
"
"118
","138
","117
"
"120
","139
","117
"
"120
","139
","120
"
"117
","139
","117
"
"104
","139
","120
"
"121
","138
","122
"
"121
","145
","118
"
"120
","140
","118
"
"120
","137
","120
"
"120
","139
","122
"
"118
","141
","118
"
"117
","137
","118
"
"121
","140
","118
"
"123
","136
","120
"
"120
","138
","121
"
"121
","136
","121
"
"120
","137
","119
"
"121
","138
","120
"
"121
","139
","121
"
"118
","145
","122
"
"120
","138
","120
"
"121
","137
","119
"
"121
","139
","121
"
"120
","138
","126
"
"120
","140
","121
"
"120
","137
","118
"
"122
","139
","118
"
"120
","138
","122
"
"120
","136
","120
"
"120
","140
","123
"
"120
","138
","120
"
"118
","138
","118
"
"130
","138
","119
"
"121
","137
","119
"
"121
","138
","120
"
"118
","138
","120
"
"121
","134
","120
"
"120
","139
","120
"
"120
","138
","121
"
"122
","138
","121
"
"124
","139
","120
"
"120
","139
","120
"
"120
","137
","120
"
"120
","138
","121
"
"120
","139
","120
"
"122
","137
","115
"
"122
","139
","121
"
"120
","139
","120
"
"121
","136
","120
"
"118
","138
","122
"
"120
","140
","120
"
"120
","136
","123
"
"120
","138
","120
"
"120
","137
","120
"
"120
","142
","120
"
"120
","138
","121
"
"120
","139
","119
"
"121
","138
","120
"
"120
","137
","116
"
"122
","138
","120
"
"121
","137
","120
"
"116
","138
","120
"
"122
","139
","120
"
"122
","139
","119
"
"121
","138
","120
"
"120
","138
","118
"
"121
","138
","120
"
"120
","138
","124
"
"122
","137
","102
"
"120
","140
","118
"
"120
","136
","121
"
"121
","138
","125
"
"120
","137
","118
"
"120
","140
","117
"
"120
","137
","120
"
"118
","138
","120
"
"120
","138
","120
"
"121
","138
","121
"
"118
","138
","120
"
"122
","137
","126
"
"104
","137
","118
"
"121
","139
","120
"
"121
","137
","120
"
"121
","137
","121
"
"120
","139
","122
"
"120
","141
","121
"
"121
","138
","118
"
"121
","141
","120
"
"123
","138
","120
"
"121
","138
","120
"
"116
","137
","120
"
"121
","138
","119
"
"122
","138
","120
"
"121
","137
","117
"
"119
","137
","116
"
"121
","139
","121
"
"118
","139
","120
"
"120
","139
","118
"
"120
","136
","119
"
"117
","139
","121
"
"116
","136
","120
"
"117
","138
","121
"
"121
","136
","121
"
"118
","138
","120
"
"120
","139
","121
"
"121
","138
","120
"
"122
","139
","120
"
"122
","138
","120
"
"121
","138
","120
"
"119
","140
","121
"
"120
","138
","118
"
"120
","138
","122
"
"121
","138
","120
"
"121
","138
","120
"
"118
","137
","121
"
"122
","136
","122
"
"120
","139
","118
"
"134
","141
","120
"
"118
","137
","120
"
"121
","141
","120
"
"120
","137
","120
"
"120
","137
","118
"
"120
","140
","117
"
"121
","138
","119
"
"120
","138
","120
"
"120
","138
","133
"
"122
","137
","118
"
"120
","137
","122
"
"121
","137
","121
"
"121
","138
","117
"
"120
","138
","120
"
"122
","139
","120
"
"120
","138
","122
"
"121
","137
","120
"
"121
","134
","120
"
"121
","138
","121
"
"122
","138
","120
"
"120
","137
","118
"
"120
","138
","117
"
"120
","138
","119
"
"121
","139
","120
"
"120
","124
","121
"
"117
","139
","120
"
"121
","137
","119
"
"118
","138
","120
"
"121
","137
","121
"
"121
","137
","120
"
"120
","138
","121
"
"120
","136
","119
"
"117
","138
","120
"
"120
","131
","121
"
"122
","137
","120
"
"122
","136
","120
"
"115
","138
","118
"
"123
","139
","120
"
"120
","137
","117
"
"121
","136
","120
"
"118
","137
","121
"
"120
","137
","121
"
"120
","136
","122
"
"117
","138
","120
"
"121
","137
","122
"
"120
","137
","120
"
"121
","136
","121
"
"120
","137
","123
"
"121
","137
","118
"
"121
","138
","124
"
"120
","137
","120
"
"120
","137
","121
"
"120
","137
","120
"
"121
","137
","121
"
"120
","137
","121
"
"120
","137
","120
"
"124
","138
","118
"
"129
","138
","122
"
"121
","136
","120
"
"119
","137
","118
"
"121
","137
","120
"
"107
","133
","141
"
"119
","137
","120
"
"120
","137
","121
"
"121
","138
","120
"
"121
","134
","117
"
"118
","132
","120
"
"119
","136
","120
"
"120
","137
","120
"
"121
","136
","120
"
"120
","136
","118
"
"120
","139
","120
"
"121
","134
","117
"
"120
","138
","120
"
"121
","137
","120
"
"121
","137
","120
"
"117
","137
","120
"
"121
","139
","121
"
"133
","137
","123
"
"120
","137
","121
"
"121
","138
","117
"
"120
","140
","116
"
"120
","136
","124
"
"120
","138
","120
"
"118
","137
","106
"
"121
","137
","122
"
"121
","136
","116
"
"120
","138
","120
"
"118
","139
","119
"
"120
","142
","120
"
"121
","137
","121
"
"120
","138
","119
"
"120
","137
","116
"
"118
","137
","114
"
"121
","136
","120
"
"121
","137
","119
"
"120
","124
","119
"
"121
","138
","121
"
"121
","137
","121
"
"121
","136
","121
"
"120
","138
","120
"
"122
","137
","118
"
"120
","136
","120
"
"123
","137
","117
"
"118
","137
","120
"
"129
","137
","121
"
"122
","137
","117
"
"121
","139
","115
"
"122
","138
","120
"
"108
","163
","141
"
"120
","137
","121
"
"120
","136
","120
"
"126
","137
","120
"
"120
","137
","120
"
"121
","138
","118
"
"119
","132
","121
"
"120
","137
","121
"
"120
","136
","120
"
"118
","137
","120
"
"119
","137
","120
"
"117
","136
","120
"
"120
","144
","118
"
"120
","149
","118
"
"121
","142
","120
"
"120
","148
","118
"
"118
","146
","120
"
"121
","151
","119
"
"120
","147
","119
"
"121
","148
","120
"
"120
","148
","118
"
"120
","148
","118
"
"120
","147
","118
"
"120
","148
","118
"
"119
","148
","117
"
"121
","155
","120
"
"120
","147
","118
"
"120
","148
","118
"
"118
","147
","114
"
"117
","148
","118
"
"120
","148
","119
"
"120
","148
","118
"
"122
","149
","117
"
"120
","147
","119
"
"93
","146
","120
"
"121
","147
","119
"
"120
","145
","118
"
"121
","148
","117
"
"122
","149
","121
"
"120
","147
","118
"
"122
","147
","118
"
"121
","148
","118
"
"121
","147
","126
"
"116
","146
","119
"
"122
","147
","118
"
"113
","147
","121
"
"125
","146
","120
"
"121
","147
","118
"
"118
","147
","118
"
"119
","146
","116
"
"121
","146
","120
"
"120
","149
","119
"
"119
","149
","117
"
"121
","145
","116
"
"121
","149
","118
"
"121
","142
","124
"
"121
","148
","118
"
"121
","142
","101
"
"120
","146
","120
"
"121
","148
","120
"
"119
","148
","120
"
"123
","146
","119
"
"118
","156
","118
"
"117
","148
","120
"
"121
","147
","120
"
"120
","147
","119
"
"120
","148
","116
"
"123
","148
","119
"
"122
","148
","118
"
"118
","147
","118
"
"121
","147
","120
"
"120
","147
","118
"
"121
","146
","123
"
"96
","146
","118
"
"118
","146
","118
"
"120
","148
","119
"
"120
","147
","118
"
"122
","147
","120
"
"120
","147
","120
"
"118
","146
","120
"
"120
","144
","117
"
"118
","147
","118
"
"122
","146
","118
"
"121
","145
","120
"
"121
","132
","120
"
"120
","147
","118
"
"121
","148
","117
"
"120
","148
","122
"
"121
","146
","118
"
"121
","147
","118
"
"123
","146
","117
"
"124
","146
","120
"
"122
","147
","120
"
"120
","148
","118
"
"118
","147
","102
"
"121
","147
","118
"
"119
","148
","120
"
"121
","146
","116
"
"120
","149
","118
"
"120
","148
","120
"
"118
","147
","118
"
"120
","153
","118
"
"120
","146
","118
"
"121
","146
","123
"
"120
","146
","121
"
"120
","141
","120
"
"122
","146
","117
"
"120
","145
","118
"
"121
","146
","118
"
"122
","148
","118
"
"123
","147
","120
"
"120
","161
","122
"
"120
","147
","118
"
"121
","147
","118
"
"121
","138
","114
"
"121
","147
","120
"
"120
","146
","119
"
"121
","147
","117
"
"120
","147
","118
"
"120
","147
","119
"
"121
","147
","118
"
"117
","147
","118
"
"117
","152
","134
"
"121
","147
","123
"
"118
","146
","119
"
"121
","146
","121
"
"118
","144
","120
"
"121
","147
","116
"
"121
","144
","122
"
"120
","147
","118
"
"119
","142
","119
"
"120
","148
","117
"
"123
","147
","117
"
"120
","147
","121
"
"120
","145
","122
"
"121
","147
","118
"
"120
","146
","120
"
"120
","147
","114
"
"121
","147
","118
"
"122
","146
","120
"
"121
","145
","122
"
"122
","147
","118
"
"121
","146
","129
"
"121
","146
","120
"
"120
","146
","118
"
"120
","144
","121
"
"120
","147
","117
"
"121
","145
","120
"
"121
","148
","120
"
"120
","147
","121
"
"121
","148
","118
"
"120
","147
","120
"
"121
","146
","118
"
"118
","147
","120
"
"126
","146
","120
"
"121
","146
","118
"
"120
","147
","119
"
"121
","147
","118
"
"120
","147
","119
"
"120
","147
","118
"
"120
","151
","126
"
"118
","147
","118
"
"122
","146
","117
"
"120
","147
","118
"
"121
","147
","118
"
"120
","146
","120
"
"121
","147
","119
"
"122
","160
","119
"
"122
","147
","120
"
"120
","148
","118
"
"121
","150
","138
"
"120
","147
","118
"
"121
","146
","123
"
"120
","146
","121
"
"121
","146
","119
"
"120
","146
","118
"
"121
","147
","118
"
"120
","146
","121
"
"120
","148
","118
"
"120
","147
","99
"
"124
","146
","120
"
"118
","147
","119
"
"121
","147
","118
"
"122
","146
","119
"
"120
","145
","117
"
"122
","146
","120
"
"121
","146
","118
"
"121
","147
","120
"
"118
","147
","118
"
"123
","147
","120
"
"124
","146
","118
"
"120
","144
","117
"
"120
","147
","120
"
"122
","146
","117
"
"122
","146
","118
"
"117
","146
","117
"
"121
","148
","120
"
"141
","145
","118
"
"118
","145
","118
"
"118
","144
","119
"
"121
","147
","118
"
"117
","146
","117
"
"122
","146
","117
"
"121
","147
","118
"
"120
","147
","118
"
"122
","145
","120
"
"120
","145
","115
"
"122
","147
","118
"
"122
","146
","118
"
"121
","146
","120
"
"121
","148
","119
"
"118
","146
","119
"
"121
","146
","118
"
"121
","144
","117
"
"121
","144
","120
"
"122
","147
","120
"
"120
","147
","118
"
"120
","146
","117
"
"120
","145
","119
"
"121
","144
","120
"
"122
","146
","118
"
"120
","147
","116
"
"122
","149
","120
"
"120
","146
","118
"
"120
","146
","121
"
"121
","147
","120
"
"120
","146
","120
"
"120
","146
","120
"
"121
","147
","117
"
"120
","146
","119
"
"120
","145
","119
"
"121
","146
","120
"
"120
","146
","116
"
"121
","146
","114
"
"121
","146
","118
"
"121
","148
","118
"
"123
","146
","118
"
"121
","143
","117
"
"121
","146
","118
"
"121
","146
","117
"
"117
","145
","118
"
"120
","146
","117
"
"122
","147
","120
"
"120
","147
","118
"
"118
","146
","120
"
"124
","145
","118
"
"120
","146
","118
"
"120
","144
","117
"
"120
","145
","120
"
"113
","146
","121
"
"121
","146
","118
"
"121
","147
","121
"
"122
","143
","119
"
"119
","149
","119
"
"120
","144
","117
"
"117
","148
","120
"
"118
","146
","118
"
"121
","147
","119
"
"118
","147
","119
"
"121
","146
","118
"
"118
","146
","120
"
"120
","146
","118
"
"118
","153
","116
"
"120
","144
","120
"
"126
","144
","118
"
"121
","146
","125
"
"120
","131
","121
"
"119
","158
","113
"
"121
","138
","112
"
"120
","140
","108
"
"122
","139
","113
"
"122
","142
","112
"
"122
","141
","112
"
"123
","143
","112
"
"121
","140
","112
"
"121
","140
","111
"
"120
","140
","112
"
"122
","140
","110
"
"121
","139
","110
"
"116
","140
","112
"
"121
","140
","112
"
"121
","141
","113
"
"123
","141
","110
"
"108
","139
","110
"
"122
","140
","112
"
"122
","140
","102
"
"121
","140
","112
"
"122
","141
","113
"
"121
","140
","116
"
"123
","139
","113
"
"120
","140
","112
"
"121
","140
","111
"
"121
","141
","112
"
"121
","140
","110
"
"121
","139
","114
"
"121
","139
","110
"
"123
","140
","112
"
"115
","125
","112
"
"121
","140
","112
"
"108
","140
","112
"
"121
","140
","112
"
"122
","139
","112
"
"122
","139
","113
"
"125
","140
","112
"
"122
","139
","112
"
"121
","140
","112
"
"121
","140
","112
"
"122
","139
","112
"
"120
","142
","113
"
"122
","141
","112
"
"121
","138
","113
"
"119
","140
","112
"
"123
","124
","112
"
"122
","140
","112
"
"123
","138
","113
"
"122
","140
","113
"
"121
","140
","112
"
"118
","139
","111
"
"121
","140
","112
"
"124
","141
","112
"
"123
","140
","112
"
"121
","138
","110
"
"122
","140
","112
"
"123
","146
","111
"
"122
","138
","105
"
"123
","140
","112
"
"121
","139
","112
"
"123
","140
","112
"
"117
","141
","110
"
"121
","139
","112
"
"122
","139
","114
"
"118
","139
","113
"
"121
","140
","112
"
"118
","140
","110
"
"121
","137
","109
"
"122
","143
","101
"
"121
","141
","114
"
"121
","138
","112
"
"120
","140
","112
"
"117
","142
","113
"
"115
","148
","112
"
"121
","145
","112
"
"121
","139
","112
"
"122
","130
","114
"
"121
","139
","112
"
"121
","140
","112
"
"122
","141
","113
"
"116
","141
","112
"
"120
","142
","114
"
"121
","142
","113
"
"117
","139
","111
"
"123
","141
","111
"
"122
","145
","113
"
"121
","140
","112
"
"122
","139
","110
"
"123
","139
","112
"
"122
","140
","112
"
"121
","148
","112
"
"121
","138
","112
"
"121
","140
","113
"
"121
","142
","112
"
"121
","140
","179
"
"122
","140
","112
"
"121
","140
","107
"
"122
","136
","112
"
"119
","140
","110
"
"123
","140
","114
"
"122
","139
","112
"
"122
","139
","112
"
"122
","139
","112
"
"122
","140
","112
"
"122
","139
","112
"
"123
","141
","110
"
"115
","140
","112
"
"121
","140
","111
"
"121
","140
","116
"
"121
","138
","112
"
"120
","141
","101
"
"122
","139
","112
"
"121
","140
","112
"
"120
","141
","112
"
"121
","139
","113
"
"120
","140
","112
"
"123
","139
","112
"
"122
","140
","112
"
"122
","139
","112
"
"120
","139
","111
"
"126
","137
","113
"
"123
","150
","113
"
"122
","139
","112
"
"123
","140
","113
"
"123
","138
","113
"
"125
","139
","111
"
"120
","139
","112
"
"122
","139
","114
"
"121
","139
","110
"
"120
","141
","113
"
"123
","134
","111
"
"121
","138
","113
"
"122
","139
","112
"
"121
","139
","118
"
"120
","140
","113
"
"122
","139
","113
"
"121
","140
","112
"
"124
","141
","112
"
"121
","140
","106
"
"121
","139
","112
"
"122
","140
","112
"
"123
","141
","112
"
"122
","140
","113
"
"121
","138
","112
"
"121
","140
","113
"
"121
","140
","113
"
"120
","139
","113
"
"122
","140
","112
"
"122
","139
","112
"
"122
","141
","113
"
"121
","139
","117
"
"122
","140
","112
"
"122
","140
","112
"
"121
","139
","113
"
"119
","139
","114
"
"123
","140
","113
"
"122
","145
","117
"
"122
","140
","114
"
"121
","141
","102
"
"121
","139
","112
"
"122
","139
","112
"
"121
","140
","112
"
"122
","139
","112
"
"123
","145
","115
"
"122
","139
","113
"
"124
","139
","111
"
"120
","138
","112
"
"120
","138
","112
"
"125
","138
","112
"
"123
","140
","112
"
"122
","145
","115
"
"121
","140
","113
"
"121
","139
","111
"
"131
","139
","114
"
"117
","140
","112
"
"122
","139
","113
"
"122
","139
","111
"
"122
","140
","110
"
"122
","140
","112
"
"125
","139
","105
"
"121
","139
","112
"
"124
","140
","112
"
"120
","140
","112
"
"121
","140
","112
"
"120
","139
","112
"
"122
","140
","113
"
"121
","138
","112
"
"123
","140
","113
"
"123
","139
","112
"
"122
","139
","111
"
"122
","139
","114
"
"121
","139
","111
"
"121
","139
","113
"
"122
","141
","112
"
"125
","139
","112
"
"121
","139
","112
"
"120
","139
","109
"
"121
","130
","112
"
"121
","140
","110
"
"122
","137
","113
"
"123
","137
","110
"
"120
","139
","112
"
"78
","137
","113
"
"121
","139
","111
"
"122
","139
","112
"
"123
","139
","112
"
"121
","138
","113
"
"122
","140
","114
"
"121
","138
","113
"
"123
","140
","112
"
"121
","140
","109
"
"116
","138
","114
"
"122
","138
","113
"
"120
","139
","112
"
"122
","139
","112
"
"120
","139
","112
"
"122
","139
","112
"
"123
","139
","113
"
"121
","140
","112
"
"114
","139
","110
"
"122
","140
","112
"
"102
","140
","112
"
"121
","142
","112
"
"121
","137
","111
"
"122
","140
","114
"
"133
","138
","113
"
"120
","139
","112
"
"121
","136
","113
"
"122
","138
","112
"
"121
","138
","113
"
"121
","139
","111
"
"120
","139
","112
"
"122
","141
","113
"
"120
","138
","113
"
"122
","139
","113
"
"121
","139
","114
"
"122
","139
","110
"
"122
","139
","113
"
"120
","138
","113
"
"152
","139
","112
"
"122
","139
","112
"
"122
","138
","112
"
"121
","138
","110
"
"122
","141
","112
"
"120
","138
","107
"
"122
","139
","112
"
"122
","138
","109
"
"123
","139
","113
"
"122
","137
","111
"
"123
","139
","111
"
"122
","140
","112
"
"120
","138
","113
"
"121
","139
","112
"
"120
","140
","112
"
"123
","138
","112
"
"121
","138
","115
"
"121
","132
","119
"
"121
","132
","119
"
"121
","132
","120
"
"121
","129
","118
"
"121
","132
","121
"
"123
","128
","118
"
"121
","133
","118
"
"121
","132
","120
"
"120
","131
","118
"
"128
","131
","120
"
"121
","132
","123
"
"120
","116
","118
"
"124
","132
","121
"
"123
","130
","120
"
"121
","132
","114
"
"121
","131
","121
"
"121
","132
","125
"
"123
","132
","119
"
"121
","131
","118
"
"121
","132
","117
"
"122
","130
","125
"
"121
","129
","120
"
"122
","129
","118
"
"121
","131
","115
"
"120
","132
","120
"
"121
","132
","121
"
"121
","128
","118
"
"123
","132
","119
"
"120
","133
","118
"
"122
","132
","120
"
"122
","134
","117
"
"118
","132
","120
"
"121
","132
","118
"
"122
","132
","120
"
"121
","133
","122
"
"121
","132
","119
"
"126
","131
","120
"
"121
","132
","121
"
"122
","130
","120
"
"121
","131
","118
"
"120
","131
","120
"
"120
","132
","117
"
"121
","132
","118
"
"123
","129
","120
"
"122
","132
","118
"
"121
","148
","119
"
"121
","130
","118
"
"120
","132
","120
"
"121
","132
","120
"
"124
","136
","119
"
"121
","132
","117
"
"121
","134
","119
"
"122
","132
","120
"
"120
","141
","119
"
"121
","132
","118
"
"122
","132
","118
"
"138
","131
","122
"
"121
","133
","117
"
"120
","132
","119
"
"120
","132
","116
"
"119
","133
","120
"
"122
","133
","118
"
"122
","132
","118
"
"120
","132
","120
"
"122
","130
","117
"
"155
","132
","118
"
"121
","132
","119
"
"123
","133
","116
"
"122
","134
","118
"
"122
","132
","119
"
"121
","133
","120
"
"128
","133
","118
"
"120
","130
","117
"
"118
","132
","117
"
"121
","132
","119
"
"121
","131
","120
"
"122
","132
","120
"
"121
","132
","118
"
"122
","133
","119
"
"120
","134
","120
"
"121
","133
","118
"
"121
","134
","118
"
"121
","132
","120
"
"120
","131
","119
"
"121
","133
","120
"
"121
","133
","122
"
"121
","133
","117
"
"122
","133
","118
"
"121
","133
","120
"
"122
","125
","118
"
"121
","133
","116
"
"118
","133
","119
"
"121
","136
","120
"
"120
","145
","118
"
"123
","132
","120
"
"121
","132
","118
"
"121
","132
","120
"
"120
","132
","119
"
"121
","133
","118
"
"120
","130
","118
"
"123
","132
","117
"
"121
","133
","134
"
"120
","133
","119
"
"120
","132
","118
"
"139
","132
","122
"
"120
","133
","120
"
"122
","131
","120
"
"122
","132
","118
"
"121
","132
","118
"
"121
","132
","119
"
"122
","132
","120
"
"122
","134
","117
"
"121
","131
","122
"
"122
","131
","117
"
"122
","133
","122
"
"121
","136
","119
"
"120
","132
","118
"
"121
","132
","120
"
"121
","131
","121
"
"124
","139
","118
"
"119
","132
","118
"
"122
","135
","121
"
"131
","133
","122
"
"122
","134
","125
"
"118
","132
","118
"
"123
","133
","120
"
"121
","134
","118
"
"118
","134
","117
"
"122
","132
","116
"
"120
","133
","118
"
"121
","132
","120
"
"124
","128
","116
"
"120
","133
","119
"
"121
","134
","118
"
"120
","132
","120
"
"121
","132
","118
"
"122
","132
","118
"
"120
","132
","118
"
"122
","133
","119
"
"121
","133
","121
"
"124
","129
","119
"
"121
","133
","119
"
"122
","133
","120
"
"121
","131
","118
"
"124
","133
","120
"
"121
","132
","120
"
"121
","130
","118
"
"120
","133
","121
"
"122
","131
","126
"
"128
","133
","121
"
"121
","133
","116
"
"121
","133
","120
"
"121
","135
","118
"
"121
","133
","118
"
"121
","131
","124
"
"121
","132
","119
"
"122
","134
","121
"
"122
","137
","120
"
"121
","132
","117
"
"126
","133
","120
"
"122
","131
","118
"
"126
","132
","118
"
"122
","133
","118
"
"119
","133
","119
"
"120
","134
","118
"
"122
","129
","116
"
"121
","133
","118
"
"123
","132
","120
"
"117
","142
","119
"
"122
","133
","118
"
"120
","133
","120
"
"121
","133
","116
"
"122
","134
","123
"
"121
","133
","120
"
"121
","149
","121
"
"121
","133
","115
"
"121
","132
","118
"
"121
","133
","118
"
"120
","133
","118
"
"121
","130
","118
"
"122
","134
","116
"
"121
","133
","118
"
"122
","132
","120
"
"121
","133
","118
"
"122
","133
","118
"
"123
","132
","118
"
"120
","132
","120
"
"121
","137
","117
"
"126
","132
","118
"
"121
","133
","122
"
"118
","134
","118
"
"122
","133
","118
"
"123
","131
","120
"
"121
","133
","119
"
"120
","131
","121
"
"121
","132
","118
"
"120
","133
","120
"
"121
","133
","120
"
"121
","133
","117
"
"120
","132
","118
"
"120
","134
","120
"
"121
","131
","120
"
"121
","125
","120
"
"121
","134
","123
"
"119
","133
","118
"
"121
","133
","118
"
"122
","132
","116
"
"123
","132
","119
"
"121
","133
","118
"
"121
","133
","119
"
"120
","132
","120
"
"120
","133
","120
"
"120
","133
","118
"
"120
","133
","116
"
"122
","133
","118
"
"120
","133
","120
"
"121
","133
","118
"
"121
","131
","118
"
"121
","133
","119
"
"123
","134
","120
"
"121
","131
","118
"
"122
","132
","118
"
"121
","133
","120
"
"118
","133
","118
"
"121
","131
","119
"
"137
","132
","118
"
"119
","133
","119
"
"121
","134
","118
"
"120
","132
","118
"
"121
","133
","124
"
"123
","134
","120
"
"122
","132
","118
"
"120
","139
","118
"
"120
","131
","120
"
"122
","134
","122
"
"121
","133
","119
"
"119
","133
","119
"
"121
","130
","121
"
"120
","134
","119
"
"121
","133
","120
"
"121
","132
","119
"
"121
","133
","120
"
"121
","132
","118
"
"121
","131
","119
"
"117
","133
","118
"
"121
","133
","120
"
"120
","133
","118
"
"122
","133
","118
"
"121
","132
","121
"
"120
","134
","120
"
"122
","145
","115
"
"122
","133
","117
"
"122
","133
","115
"
"122
","128
","120
"
"121
","125
","117
"
"120
","143
","125
"
"120
","142
","122
"
"126
","142
","124
"
"121
","141
","124
"
"121
","141
","124
"
"117
","142
","124
"
"125
","141
","125
"
"123
","142
","124
"
"123
","141
","124
"
"121
","138
","124
"
"121
","142
","124
"
"122
","142
","125
"
"124
","143
","125
"
"122
","140
","122
"
"121
","142
","124
"
"122
","142
","125
"
"121
","142
","124
"
"120
","141
","124
"
"122
","142
","126
"
"122
","136
","124
"
"121
","139
","125
"
"118
","142
","125
"
"121
","142
","124
"
"121
","141
","122
"
"122
","141
","123
"
"121
","141
","123
"
"120
","145
","125
"
"121
","137
","125
"
"121
","143
","128
"
"125
","142
","124
"
"120
","140
","124
"
"121
","141
","125
"
"120
","142
","128
"
"117
","141
","124
"
"107
","134
","121
"
"132
","142
","123
"
"120
","141
","123
"
"121
","141
","124
"
"121
","144
","128
"
"117
","143
","124
"
"121
","142
","112
"
"120
","143
","125
"
"116
","142
","123
"
"120
","142
","123
"
"121
","142
","113
"
"121
","142
","124
"
"121
","142
","125
"
"121
","142
","124
"
"121
","141
","124
"
"120
","139
","124
"
"125
","141
","123
"
"120
","142
","125
"
"120
","142
","124
"
"117
","144
","124
"
"121
","141
","124
"
"121
","142
","127
"
"120
","141
","125
"
"121
","140
","124
"
"120
","141
","123
"
"121
","142
","126
"
"117
","141
","125
"
"120
","142
","156
"
"120
","141
","124
"
"121
","143
","125
"
"121
","141
","128
"
"120
","140
","123
"
"121
","142
","125
"
"121
","143
","124
"
"120
","141
","128
"
"120
","140
","124
"
"121
","144
","125
"
"131
","142
","126
"
"120
","141
","124
"
"118
","141
","124
"
"121
","142
","125
"
"122
","141
","124
"
"122
","141
","125
"
"120
","146
","123
"
"121
","140
","126
"
"124
","139
","123
"
"118
","141
","125
"
"121
","141
","125
"
"100
","141
","124
"
"120
","142
","123
"
"121
","141
","124
"
"118
","142
","124
"
"121
","137
","130
"
"121
","140
","124
"
"121
","140
","131
"
"123
","142
","126
"
"120
","141
","124
"
"125
","141
","128
"
"120
","139
","124
"
"121
","142
","124
"
"120
","141
","124
"
"118
","145
","123
"
"116
","146
","124
"
"122
","142
","123
"
"120
","141
","123
"
"121
","141
","125
"
"120
","141
","124
"
"121
","140
","124
"
"121
","142
","124
"
"122
","141
","128
"
"121
","141
","125
"
"121
","141
","124
"
"121
","141
","128
"
"122
","141
","124
"
"122
","142
","124
"
"121
","140
","124
"
"122
","141
","124
"
"120
","144
","125
"
"120
","141
","124
"
"120
","142
","123
"
"122
","141
","124
"
"123
","142
","124
"
"120
","136
","121
"
"120
","141
","123
"
"118
","141
","124
"
"115
","142
","126
"
"120
","141
","123
"
"120
","140
","122
"
"121
","140
","128
"
"121
","149
","124
"
"120
","140
","125
"
"117
","141
","124
"
"120
","141
","125
"
"120
","141
","124
"
"120
","142
","125
"
"121
","138
","125
"
"123
","141
","123
"
"121
","138
","125
"
"120
","142
","128
"
"120
","141
","124
"
"121
","142
","125
"
"121
","140
","125
"
"121
","136
","141
"
"122
","140
","125
"
"122
","140
","123
"
"121
","140
","124
"
"121
","157
","124
"
"121
","140
","123
"
"120
","141
","124
"
"122
","147
","123
"
"117
","141
","125
"
"120
","141
","120
"
"120
","141
","124
"
"121
","141
","126
"
"122
","141
","126
"
"120
","141
","131
"
"121
","142
","124
"
"121
","141
","126
"
"120
","140
","126
"
"120
","141
","125
"
"122
","141
","124
"
"120
","141
","124
"
"120
","144
","124
"
"120
","140
","126
"
"121
","141
","124
"
"121
","141
","124
"
"121
","140
","122
"
"123
","141
","124
"
"118
","142
","125
"
"123
","139
","124
"
"120
","142
","80
"
"120
","141
","125
"
"120
","140
","124
"
"118
","142
","123
"
"120
","140
","124
"
"120
","141
","124
"
"122
","140
","126
"
"120
","140
","125
"
"121
","141
","124
"
"123
","140
","125
"
"120
","141
","125
"
"119
","140
","124
"
"121
","140
","126
"
"120
","141
","123
"
"122
","140
","124
"
"121
","142
","125
"
"121
","142
","130
"
"122
","141
","128
"
"121
","141
","125
"
"118
","141
","124
"
"120
","124
","123
"
"119
","141
","126
"
"122
","141
","125
"
"118
","142
","128
"
"140
","157
","125
"
"122
","142
","124
"
"120
","141
","124
"
"122
","140
","123
"
"120
","142
","123
"
"120
","141
","124
"
"122
","140
","125
"
"122
","142
","128
"
"118
","141
","125
"
"121
","141
","124
"
"120
","141
","124
"
"121
","140
","122
"
"120
","142
","121
"
"122
","142
","117
"
"125
","140
","124
"
"124
","140
","125
"
"123
","142
","125
"
"118
","142
","124
"
"121
","142
","130
"
"118
","140
","125
"
"120
","140
","124
"
"121
","125
","124
"
"120
","140
","124
"
"123
","141
","124
"
"121
","141
","124
"
"123
","142
","126
"
"121
","141
","120
"
"121
","141
","123
"
"121
","140
","125
"
"121
","141
","126
"
"121
","141
","122
"
"121
","140
","125
"
"120
","141
","125
"
"121
","142
","131
"
"122
","144
","125
"
"118
","141
","125
"
"121
","142
","128
"
"122
","141
","125
"
"122
","141
","123
"
"118
","138
","124
"
"121
","141
","125
"
"121
","140
","124
"
"121
","142
","125
"
"121
","141
","125
"
"118
","141
","124
"
"120
","141
","125
"
"120
","142
","124
"
"121
","140
","125
"
"121
","140
","125
"
"121
","107
","125
"
"118
","141
","124
"
"120
","144
","123
"
"119
","141
","124
"
"120
","140
","125
"
"121
","142
","125
"
"121
","141
","106
"
"121
","141
","126
"
"121
","140
","124
"
"120
","142
","124
"
"121
","146
","144
"
"120
","141
","125
"
"120
","144
","117
"
"121
","141
","124
"
"117
","141
","124
"
"101
","141
","124
"
"120
","140
","125
"
"120
","129
","126
"
"120
","128
","129
"
"120
","128
","129
"
"121
","128
","130
"
"120
","128
","127
"
"120
","129
","131
"
"123
","128
","130
"
"120
","128
","128
"
"114
","129
","128
"
"120
","128
","128
"
"118
","126
","125
"
"122
","123
","128
"
"118
","129
","131
"
"122
","128
","129
"
"120
","131
","128
"
"120
","128
","129
"
"118
","128
","131
"
"123
","128
","128
"
"120
","128
","131
"
"121
","127
","129
"
"120
","130
","132
"
"119
","130
","128
"
"121
","128
","128
"
"119
","131
","129
"
"121
","128
","128
"
"117
","126
","126
"
"118
","128
","128
"
"118
","128
","128
"
"120
","131
","130
"
"121
","128
","128
"
"120
","128
","128
"
"121
","128
","154
"
"120
","126
","130
"
"121
","128
","124
"
"118
","128
","128
"
"116
","126
","126
"
"122
","130
","129
"
"120
","126
","126
"
"121
","129
","128
"
"122
","126
","128
"
"118
","125
","129
"
"121
","127
","133
"
"122
","128
","129
"
"120
","128
","128
"
"118
","128
","129
"
"121
","125
","129
"
"120
","128
","128
"
"117
","131
","130
"
"121
","128
","130
"
"120
","125
","129
"
"120
","128
","128
"
"121
","128
","127
"
"121
","128
","128
"
"118
","130
","128
"
"123
","128
","128
"
"122
","128
","128
"
"113
","123
","130
"
"118
","125
","128
"
"121
","130
","128
"
"119
","128
","129
"
"121
","128
","131
"
"120
","129
","129
"
"121
","128
","129
"
"122
","128
","128
"
"121
","129
","131
"
"120
","130
","128
"
"120
","128
","129
"
"120
","126
","129
"
"120
","129
","201
"
"121
","128
","128
"
"120
","126
","128
"
"120
","126
","128
"
"121
","130
","128
"
"120
","128
","128
"
"120
","129
","129
"
"121
","128
","129
"
"118
","128
","128
"
"120
","128
","128
"
"119
","131
","128
"
"122
","127
","128
"
"121
","128
","129
"
"116
","128
","126
"
"118
","127
","128
"
"120
","128
","125
"
"120
","128
","128
"
"121
","123
","133
"
"120
","126
","129
"
"120
","134
","128
"
"120
","129
","129
"
"121
","128
","128
"
"121
","128
","128
"
"118
","126
","128
"
"120
","127
","128
"
"120
","129
","128
"
"123
","125
","125
"
"120
","163
","128
"
"120
","128
","129
"
"120
","128
","128
"
"120
","129
","130
"
"118
","128
","126
"
"118
","130
","129
"
"126
","128
","128
"
"120
","131
","128
"
"120
","128
","129
"
"121
","126
","126
"
"118
","126
","128
"
"118
","129
","110
"
"120
","128
","106
"
"122
","131
","129
"
"120
","128
","129
"
"121
","129
","125
"
"120
","128
","129
"
"120
","130
","128
"
"120
","130
","128
"
"118
","126
","128
"
"120
","128
","129
"
"120
","125
","125
"
"120
","126
","129
"
"121
","126
","128
"
"117
","125
","129
"
"122
","128
","128
"
"120
","128
","129
"
"120
","124
","128
"
"118
","128
","129
"
"123
","128
","128
"
"120
","126
","125
"
"121
","128
","128
"
"120
","128
","126
"
"122
","128
","128
"
"122
","128
","128
"
"123
","126
","131
"
"120
","128
","126
"
"121
","126
","128
"
"116
","121
","134
"
"120
","128
","128
"
"120
","130
","129
"
"119
","128
","128
"
"120
","128
","128
"
"121
","126
","129
"
"118
","126
","128
"
"120
","129
","128
"
"120
","132
","124
"
"121
","128
","128
"
"120
","128
","128
"
"120
","125
","122
"
"120
","126
","127
"
"120
","128
","130
"
"120
","128
","128
"
"121
","129
","129
"
"120
","128
","129
"
"121
","126
","128
"
"120
","129
","128
"
"120
","112
","129
"
"117
","126
","126
"
"121
","125
","126
"
"120
","129
","129
"
"120
","122
","125
"
"120
","123
","131
"
"120
","128
","126
"
"116
","126
","130
"
"119
","128
","130
"
"120
","128
","130
"
"121
","125
","128
"
"118
","128
","129
"
"120
","129
","129
"
"118
","129
","128
"
"117
","126
","129
"
"121
","126
","128
"
"121
","128
","128
"
"123
","128
","128
"
"120
","128
","129
"
"121
","126
","125
"
"120
","126
","129
"
"122
","126
","124
"
"120
","128
","129
"
"122
","128
","126
"
"118
","128
","128
"
"106
","128
","142
"
"121
","126
","129
"
"120
","131
","125
"
"120
","128
","129
"
"120
","124
","129
"
"120
","131
","129
"
"120
","123
","130
"
"121
","130
","128
"
"117
","128
","130
"
"113
","128
","130
"
"120
","128
","130
"
"121
","128
","128
"
"119
","130
","126
"
"121
","126
","131
"
"120
","126
","130
"
"118
","126
","122
"
"121
","129
","128
"
"120
","128
","132
"
"121
","128
","129
"
"123
","127
","126
"
"119
","129
","129
"
"120
","128
","129
"
"123
","126
","128
"
"117
","128
","128
"
"119
","128
","136
"
"120
","128
","130
"
"120
","130
","128
"
"120
","128
","128
"
"122
","125
","125
"
"121
","120
","130
"
"120
","128
","128
"
"117
","128
","126
"
"120
","129
","128
"
"120
","127
","129
"
"121
","128
","128
"
"121
","126
","128
"
"119
","126
","129
"
"120
","128
","125
"
"121
","125
","129
"
"116
","128
","128
"
"120
","125
","128
"
"121
","128
","129
"
"122
","129
","123
"
"120
","125
","129
"
"120
","129
","127
"
"117
","129
","129
"
"123
","124
","128
"
"121
","125
","128
"
"121
","129
","125
"
"120
","86
","129
"
"120
","126
","128
"
"120
","128
","130
"
"120
","128
","128
"
"120
","131
","128
"
"116
","129
","128
"
"117
","126
","128
"
"120
","129
","128
"
"121
","128
","130
"
"120
","125
","128
"
"120
","128
","128
"
"120
","110
","128
"
"120
","128
","129
"
"120
","128
","128
"
"124
","128
","129
"
"120
","126
","129
"
"118
","128
","132
"
"93
","128
","128
"
"116
","130
","131
"
"121
","130
","129
"
"117
","124
","128
"
"120
","128
","134
"
"121
","129
","128
"
"120
","128
","124
"
"120
","129
","128
"
"121
","128
","129
"
"123
","128
","128
"
"121
","126
","128
"
"120
","128
","128
"
"120
","157
","129
"
"121
","133
","129
"
"125
","132
","130
"
"119
","133
","128
"
"121
","131
","128
"
"120
","133
","130
"
"120
","132
","128
"
"118
","131
","125
"
"129
","133
","129
"
"120
","132
","128
"
"121
","131
","128
"
"120
","132
","129
"
"118
","132
","129
"
"120
","132
","128
"
"121
","133
","130
"
"120
","132
","128
"
"120
","133
","126
"
"120
","134
","131
"
"121
","132
","130
"
"121
","133
","129
"
"121
","134
","128
"
"120
","133
","129
"
"130
","133
","142
"
"118
","133
","128
"
"117
","132
","129
"
"119
","132
","129
"
"120
","133
","129
"
"120
","132
","129
"
"120
","134
","129
"
"122
","132
","133
"
"121
","132
","128
"
"123
","133
","128
"
"120
","137
","130
"
"134
","132
","124
"
"120
","133
","129
"
"120
","133
","128
"
"121
","130
","115
"
"118
","133
","129
"
"120
","132
","126
"
"122
","133
","128
"
"121
","134
","128
"
"121
","133
","129
"
"121
","133
","129
"
"120
","134
","128
"
"121
","134
","129
"
"120
","133
","129
"
"121
","132
","128
"
"121
","140
","128
"
"121
","119
","129
"
"120
","132
","129
"
"121
","133
","128
"
"121
","133
","128
"
"118
","132
","128
"
"120
","133
","129
"
"123
","133
","128
"
"122
","132
","128
"
"125
","130
","128
"
"121
","133
","129
"
"120
","133
","129
"
"118
","134
","124
"
"115
","133
","129
"
"121
","132
","128
"
"120
","132
","128
"
"122
","131
","130
"
"120
","133
","128
"
"121
","134
","131
"
"120
","132
","126
"
"121
","134
","130
"
"123
","131
","129
"
"121
","132
","129
"
"122
","132
","129
"
"120
","133
","129
"
"120
","133
","129
"
"121
","134
","129
"
"118
","132
","128
"
"123
","132
","129
"
"116
","132
","128
"
"120
","133
","124
"
"120
","133
","130
"
"122
","133
","129
"
"118
","132
","129
"
"122
","133
","129
"
"121
","133
","129
"
"121
","133
","129
"
"122
","132
","129
"
"120
","133
","126
"
"123
","134
","128
"
"120
","132
","130
"
"119
","133
","130
"
"120
","133
","128
"
"121
","133
","130
"
"121
","133
","126
"
"120
","133
","124
"
"121
","133
","124
"
"121
","133
","131
"
"122
","134
","131
"
"115
","134
","129
"
"118
","133
","128
"
"121
","133
","128
"
"120
","133
","132
"
"120
","132
","129
"
"121
","134
","129
"
"121
","132
","125
"
"122
","133
","131
"
"120
","135
","128
"
"119
","132
","128
"
"122
","133
","131
"
"133
","133
","128
"
"121
","132
","129
"
"120
","133
","130
"
"119
","133
","129
"
"121
","132
","128
"
"121
","132
","128
"
"120
","140
","129
"
"120
","134
","129
"
"120
","123
","128
"
"121
","133
","142
"
"121
","134
","129
"
"120
","132
","128
"
"125
","133
","129
"
"120
","133
","130
"
"120
","132
","128
"
"120
","123
","130
"
"117
","133
","128
"
"120
","132
","128
"
"122
","132
","124
"
"120
","134
","131
"
"120
","133
","126
"
"121
","134
","128
"
"122
","133
","131
"
"121
","133
","130
"
"120
","133
","128
"
"117
","134
","128
"
"121
","133
","126
"
"121
","134
","126
"
"120
","133
","128
"
"120
","133
","129
"
"121
","131
","131
"
"121
","134
","128
"
"118
","133
","129
"
"121
","133
","125
"
"120
","130
","129
"
"118
","133
","129
"
"122
","133
","128
"
"116
","137
","130
"
"121
","134
","129
"
"123
","134
","129
"
"116
","132
","130
"
"121
","134
","128
"
"120
","134
","129
"
"117
","134
","129
"
"120
","133
","125
"
"120
","134
","129
"
"121
","134
","129
"
"120
","135
","129
"
"119
","137
","115
"
"121
","136
","125
"
"120
","133
","130
"
"121
","134
","129
"
"121
","132
","125
"
"120
","137
","130
"
"121
","128
","128
"
"121
","132
","129
"
"124
","134
","129
"
"120
","134
","129
"
"119
","134
","128
"
"120
","133
","126
"
"120
","134
","128
"
"121
","134
","128
"
"120
","134
","129
"
"124
","134
","128
"
"120
","133
","129
"
"121
","134
","135
"
"120
","134
","73
"
"122
","136
","123
"
"120
","134
","129
"
"121
","137
","130
"
"120
","134
","128
"
"123
","133
","129
"
"120
","132
","128
"
"120
","132
","125
"
"121
","132
","128
"
"120
","131
","128
"
"121
","134
","129
"
"121
","134
","128
"
"120
","134
","126
"
"120
","136
","129
"
"124
","137
","129
"
"123
","146
","130
"
"121
","134
","129
"
"121
","133
","128
"
"131
","134
","125
"
"120
","132
","128
"
"123
","134
","129
"
"124
","135
","126
"
"123
","134
","128
"
"116
","131
","129
"
"121
","134
","128
"
"121
","116
","129
"
"120
","135
","130
"
"120
","135
","128
"
"124
","135
","128
"
"121
","132
","129
"
"120
","137
","130
"
"122
","134
","128
"
"121
","134
","128
"
"120
","133
","125
"
"121
","136
","128
"
"118
","134
","129
"
"121
","133
","129
"
"120
","136
","128
"
"115
","139
","129
"
"121
","134
","129
"
"118
","134
","129
"
"120
","134
","129
"
"121
","134
","129
"
"118
","135
","125
"
"121
","134
","126
"
"120
","134
","128
"
"95
","136
","129
"
"118
","134
","131
"
"120
","134
","128
"
"121
","134
","128
"
"123
","133
","131
"
"120
","134
","128
"
"123
","134
","128
"
"120
","138
","128
"
"121
","136
","128
"
"117
","134
","129
"
"122
","136
","129
"
"118
","136
","128
"
"121
","137
","129
"
"121
","137
","117
"
"120
","133
","128
"
"121
","134
","129
"
"120
","141
","129
"
"120
","149
","126
"
"121
","133
","129
"
"120
","137
","128
"
"132
","134
","126
"
"119
","136
","129
"
"121
","134
","128
"
"121
","134
","128
"
"120
","136
","128
"
"121
","134
","129
"
"121
","137
","129
"
"120
","136
","129
"
"117
","135
","132
"
"120
","136
","129
"
"121
","134
","129
"
"117
","136
","129
"
"120
","135
","128
"
"121
","133
","125
"
"121
","134
","128
"
"121
","135
","128
"
"120
","144
","126
"
